{
    "learning_rate": 0.0007884163834850129,
    "batch_size": 64,
    "dropout_rate1": 0.1252963069502372,
    "dropout_rate2": 0.18796009627823365
}